{"一": {"pinyin": "yī", "count":5},
"一下": {"pinyin": "yīxià", "count":1},
"一下子": {"pinyin": "yīxiàzi", "count":1},
"一些": {"pinyin": "yīxiē", "count":1},
"一向": {"pinyin": "yīxiàng", "count":3},
"一定": {"pinyin": "yīdìng", "count":1},
"一度": {"pinyin": "yīdù", "count":1},
"一方面": {"pinyin": "yī fāngmiàn", "count":1},
"一旦": {"pinyin": "yīdàn", "count":2},
"一时": {"pinyin": "yīshí", "count":1},
"一样": {"pinyin": "yīyàng", "count":1},
"一点": {"pinyin": "yìdiǎn", "count":4},
"一点儿": {"pinyin": "yīdiǎnr", "count":1},
"一直": {"pinyin": "yīzhí", "count":2},
"一起": {"pinyin": "yīqǐ", "count":1},
"一边": {"pinyin": "yībiān", "count":1},
"一面": {"pinyin": "yīmiàn", "count":1},
"七": {"pinyin": "qī", "count":1},
"万": {"pinyin": "wàn", "count":3},
"三": {"pinyin": "sān", "count":1},
"上": {"pinyin": "shàng", "count":4},
"下": {"pinyin": "xià", "count":5},
"下去": {"pinyin": "xiàqù", "count":1},
"不": {"pinyin": "bù", "count":24},
"不了": {"pinyin": "buliǎo", "count":2},
"不仅": {"pinyin": "bùjǐn", "count":2},
"不但": {"pinyin": "bùdàn", "count":2},
"不停": {"pinyin": "bùtíng", "count":1},
"不到": {"pinyin": "bùdào", "count":1},
"不只": {"pinyin": "bùzhǐ", "count":1},
"不可": {"pinyin": "bùkě", "count":1},
"不如": {"pinyin": "bùrú", "count":1},
"不屑": {"pinyin": "bùxiè", "count":1},
"不得不": {"pinyin": "bùdébù", "count":2},
"不得了": {"pinyin": "bùdéliao", "count":1},
"不怎么": {"pinyin": "bù zěnme", "count":2},
"不愧": {"pinyin": "bùkuì", "count":1},
"不愧是": {"pinyin": "bùkuìshì", "count":1},
"不懂": {"pinyin": "bùdǒng", "count":1},
"不断": {"pinyin": "bùduàn", "count":1},
"不是": {"pinyin": "bùshì", "count":4},
"不比": {"pinyin": "bùbǐ", "count":1},
"不然": {"pinyin": "bùrán", "count":2},
"不用": {"pinyin": "bùyòng", "count":1},
"不知道": {"pinyin": "bù zhīdào", "count":1},
"不管": {"pinyin": "bùguǎn", "count":1},
"不要": {"pinyin": "bùyào", "count":1},
"不论": {"pinyin": "bùlùn", "count":1},
"不过": {"pinyin": "bùguò", "count":1},
"不错": {"pinyin": "bùcuò", "count":1},
"与": {"pinyin": "yǔ", "count":1},
"与其": {"pinyin": "yǔqí", "count":1},
"与否": {"pinyin": "yǔfǒu", "count":1},
"且": {"pinyin": "qiě", "count":1},
"两": {"pinyin": "liǎng", "count":1},
"个": {"pinyin": "ge", "count":3},
"中间": {"pinyin": "zhōngjiān", "count":1},
"为": {"pinyin": "wèi, wéi", "count":4},
"为了": {"pinyin": "wèile", "count":2},
"为什么": {"pinyin": "wèishénme", "count":1},
"之": {"pinyin": "zhī", "count":1},
"之一": {"pinyin": "zhīyī", "count":1},
"之前": {"pinyin": "zhīqián", "count":1},
"之后": {"pinyin": "zhīhòu", "count":2},
"之所以": {"pinyin": "zhīsuǒyǐ", "count":1},
"之类": {"pinyin": "zhīlèi", "count":1},
"之类的": {"pinyin": "zhīlèide", "count":1},
"之间": {"pinyin": "zhījiān", "count":1},
"乎": {"pinyin": "hū", "count":1},
"九": {"pinyin": "jiǔ", "count":1},
"也": {"pinyin": "yě", "count":19},
"了": {"pinyin": "le", "count":27},
"二": {"pinyin": "èr", "count":2},
"于": {"pinyin": "yú", "count":9},
"互相": {"pinyin": "hùxiāng", "count":1},
"五": {"pinyin": "wǔ", "count":1},
"些": {"pinyin": "xiē", "count":1},
"人家": {"pinyin": "rénjia", "count":1},
"亿": {"pinyin": "yì", "count":1},
"什么": {"pinyin": "shénme", "count":6},
"什么时候": {"pinyin": "shénme shíhou", "count":2},
"从": {"pinyin": "cóng", "count":4},
"从不": {"pinyin": "cóngbù", "count":1},
"从来": {"pinyin": "cónglái", "count":2},
"从没": {"pinyin": "cóngméi", "count":1},
"以": {"pinyin": "yǐ", "count":8},
"以上": {"pinyin": "[[|]]", "count":1},
"以为": {"pinyin": "yǐwéi", "count":1},
"以便": {"pinyin": "yǐbiàn", "count":1},
"以免": {"pinyin": "yǐmiǎn", "count":1},
"以前": {"pinyin": "yǐqián", "count":2},
"以后": {"pinyin": "yǐhòu", "count":6},
"以外": {"pinyin": "yǐwài", "count":1},
"以来": {"pinyin": "yǐlái", "count":1},
"任何": {"pinyin": "rènhé", "count":1},
"会": {"pinyin": "huì", "count":3},
"但": {"pinyin": "dàn", "count":4},
"但是": {"pinyin": "dànshì", "count":4},
"住": {"pinyin": "zhù", "count":1},
"何况": {"pinyin": "hékuàng", "count":1},
"使": {"pinyin": "shǐ", "count":1},
"倍": {"pinyin": "[[|]]", "count":1},
"倒": {"pinyin": "dào", "count":2},
"候": {"pinyin": "hòu", "count":1},
"值得": {"pinyin": "zhíde", "count":1},
"假使": {"pinyin": "jiàshǐ", "count":1},
"假如": {"pinyin": "jiàrú", "count":1},
"偏": {"pinyin": "piān", "count":1},
"做主": {"pinyin": "zuòzhǔ", "count":1},
"像": {"pinyin": "xiàng", "count":1},
"元": {"pinyin": "yuán", "count":1},
"先": {"pinyin": "xiān", "count":1},
"全": {"pinyin": "quán", "count":1},
"八": {"pinyin": "bā", "count":1},
"六": {"pinyin": "liù", "count":1},
"关于": {"pinyin": "guānyú", "count":3},
"其中": {"pinyin": "qīzhōng", "count":1},
"兼": {"pinyin": "jiān", "count":1},
"内": {"pinyin": "[[|]]", "count":1},
"再": {"pinyin": "zài", "count":7},
"再三": {"pinyin": "zàisān", "count":1},
"再也不": {"pinyin": "zài yě bù", "count":1},
"再说": {"pinyin": "zàishuō", "count":1},
"几": {"pinyin": "jǐ", "count":3},
"几乎": {"pinyin": "jīhū", "count":1},
"凡是": {"pinyin": "fánshì", "count":1},
"凭": {"pinyin": "píng", "count":1},
"出": {"pinyin": "chū", "count":1},
"分之": {"pinyin": "fēnzhī", "count":1},
"则": {"pinyin": "zé", "count":1},
"刚": {"pinyin": "gāng", "count":3},
"刚刚": {"pinyin": "gānggāng", "count":1},
"刚才": {"pinyin": "gāngcái", "count":2},
"别": {"pinyin": "bié", "count":2},
"别人": {"pinyin": "biéren", "count":1},
"别说": {"pinyin": "biéshuō", "count":1},
"到": {"pinyin": "dào", "count":6},
"到底": {"pinyin": "dàodǐ", "count":2},
"前": {"pinyin": "qián", "count":2},
"办法": {"pinyin": "bànfǎ", "count":1},
"包括": {"pinyin": "bāokuò", "count":1},
"化": {"pinyin": "huà", "count":1},
"十": {"pinyin": "shí", "count":2},
"千": {"pinyin": "qiān", "count":4},
"千万": {"pinyin": "qiānwàn", "count":1},
"半": {"pinyin": "bàn", "count":1},
"即使": {"pinyin": "jíshǐ", "count":1},
"却": {"pinyin": "què", "count":2},
"原来": {"pinyin": "yuánlái", "count":2},
"去": {"pinyin": "qù", "count":6},
"又": {"pinyin": "yòu", "count":6},
"反正": {"pinyin": "fǎnzhèng", "count":1},
"反而": {"pinyin": "fǎnér", "count":4},
"受": {"pinyin": "shòu", "count":1},
"另外": {"pinyin": "lìngwài", "count":1},
"只": {"pinyin": "zhǐ", "count":3},
"只好": {"pinyin": "zhǐhǎo", "count":2},
"只有": {"pinyin": "zhǐyǒu", "count":1},
"只要": {"pinyin": "zhǐyào", "count":1},
"叫": {"pinyin": "jiào", "count":2},
"可": {"pinyin": "kě", "count":6},
"可以": {"pinyin": "kěyǐ", "count":2},
"可是": {"pinyin": "kěshì", "count":2},
"号": {"pinyin": "hào", "count":1},
"合适": {"pinyin": "héshì", "count":1},
"后": {"pinyin": "hòu", "count":3},
"后来": {"pinyin": "hòulái", "count":3},
"向": {"pinyin": "xiàng", "count":2},
"向来": {"pinyin": "xiànglái", "count":1},
"吗": {"pinyin": "ma", "count":4},
"否": {"pinyin": "fǒu", "count":2},
"否则": {"pinyin": "fǒuzé", "count":1},
"吧": {"pinyin": "ba", "count":5},
"呗": {"pinyin": "bei", "count":1},
"呢": {"pinyin": "ne", "count":3},
"周": {"pinyin": "zhōu", "count":1},
"和": {"pinyin": "hé", "count":3},
"哪儿": {"pinyin": "nǎ'r", "count":2},
"哪怕": {"pinyin": "nǎpà", "count":1},
"哪里": {"pinyin": "nǎlǐ", "count":2},
"啊": {"pinyin": "a", "count":2},
"嘛": {"pinyin": "ma", "count":1},
"四": {"pinyin": "sì", "count":1},
"回": {"pinyin": "huí", "count":1},
"因为": {"pinyin": "yīnwèi", "count":4},
"因此": {"pinyin": "yīncǐ", "count":1},
"在": {"pinyin": "zài", "count":7},
"在哪儿": {"pinyin": "[[|]]", "count":1},
"地": {"pinyin": "dì", "count":2},
"坏": {"pinyin": "huài", "count":1},
"块": {"pinyin": "kuài", "count":1},
"外": {"pinyin": "wài", "count":2},
"多": {"pinyin": "duō", "count":8},
"多了": {"pinyin": "duōle", "count":1},
"多亏": {"pinyin": "duōkuī", "count":2},
"多少": {"pinyin": "duōshao", "count":1},
"够": {"pinyin": "gòu", "count":1},
"太": {"pinyin": "tài", "count":2},
"好": {"pinyin": "hǎo", "count":10},
"好不容易": {"pinyin": "hǎobùróngyì", "count":1},
"好像": {"pinyin": "hǎoxiàng", "count":1},
"好容易": {"pinyin": "hǎoróngyì", "count":1},
"如": {"pinyin": "rú", "count":4},
"如果": {"pinyin": "rúguǒ", "count":3},
"姓": {"pinyin": "xìng", "count":1},
"宁可": {"pinyin": "nìngkě", "count":2},
"完": {"pinyin": "wán", "count":1},
"容易": {"pinyin": "róngyì", "count":1},
"对": {"pinyin": "duì", "count":7},
"对于": {"pinyin": "duìyú", "count":3},
"将": {"pinyin": "jiāng", "count":1},
"将会": {"pinyin": "jiānghuì", "count":1},
"将要": {"pinyin": "jiāngyào", "count":1},
"少": {"pinyin": "shǎo", "count":2},
"少不了": {"pinyin": "shǎobuliǎo", "count":1},
"就": {"pinyin": "jìu", "count":19},
"就是": {"pinyin": "jiùshì", "count":4},
"就算": {"pinyin": "jiùsuàn", "count":1},
"尽管": {"pinyin": "jǐnguǎn", "count":2},
"尽量": {"pinyin": "jìnliàng", "count":1},
"居然": {"pinyin": "jūrán", "count":2},
"岁": {"pinyin": "suì", "count":1},
"岂": {"pinyin": "qǐ", "count":1},
"岂不是": {"pinyin": "qǐbúshì", "count":1},
"差": {"pinyin": "chà", "count":2},
"差不多": {"pinyin": "chàbùduō", "count":1},
"差很多": {"pinyin": "chàbùduō", "count":1},
"差点": {"pinyin": "chàdiǎn", "count":2},
"差点没": {"pinyin": "chàdiǎnméi", "count":1},
"已经": {"pinyin": "yǐjīng", "count":2},
"常常": {"pinyin": "chángcháng", "count":1},
"干脆": {"pinyin": "gāncuì", "count":1},
"平常": {"pinyin": "píngcháng", "count":1},
"平时": {"pinyin": "píngshí", "count":1},
"年": {"pinyin": "nián", "count":1},
"并": {"pinyin": "bìng", "count":2},
"并且": {"pinyin": "bìngqiě", "count":1},
"幸亏": {"pinyin": "xìngkuī", "count":1},
"幸好": {"pinyin": "xìnghǎo", "count":1},
"应该": {"pinyin": "yīnggāi", "count":1},
"当中": {"pinyin": "dāngzhōng", "count":1},
"往": {"pinyin": "wang", "count":2},
"很": {"pinyin": "hěn", "count":4},
"得": {"pinyin": "de, děi", "count":10},
"得多": {"pinyin": "deduō", "count":1},
"快": {"pinyin": "kuài", "count":1},
"忽然": {"pinyin": "hūrán", "count":1},
"怎么": {"pinyin": "zěnme", "count":6},
"性": {"pinyin": "xìng", "count":1},
"怪": {"pinyin": "guài", "count":1},
"怪不得": {"pinyin": "guàibude", "count":1},
"总": {"pinyin": "zǒng", "count":2},
"总归": {"pinyin": "zǒngguī", "count":1},
"总得": {"pinyin": "zǒngdé", "count":1},
"总是": {"pinyin": "zǒngshì", "count":1},
"总算": {"pinyin": "zǒngsuàn", "count":1},
"恐怕": {"pinyin": "kǒngpà", "count":1},
"恢复": {"pinyin": "huīfù", "count":1},
"想": {"pinyin": "xiǎng", "count":2},
"懂": {"pinyin": "dǒng", "count":1},
"或": {"pinyin": "huò", "count":1},
"或者": {"pinyin": "huòzhě", "count":3},
"所以": {"pinyin": "sǔoyǐ", "count":2},
"所有": {"pinyin": "suǒyǒu", "count":1},
"才": {"pinyin": "cái", "count":4},
"把": {"pinyin": "bǎ", "count":3},
"挺": {"pinyin": "tǐng", "count":1},
"据": {"pinyin": "jù", "count":1},
"方面": {"pinyin": "fāngmiàn", "count":1},
"无论": {"pinyin": "wúlùn", "count":1},
"无非": {"pinyin": "wúfēi", "count":1},
"既": {"pinyin": "jì", "count":1},
"既然": {"pinyin": "jǐrán", "count":1},
"日": {"pinyin": "rì", "count":1},
"时": {"pinyin": "shí", "count":4},
"时候": {"pinyin": "shíhou", "count":4},
"星期": {"pinyin": "xīngqī", "count":1},
"是": {"pinyin": "shì", "count":22},
"是否": {"pinyin": "shìfǒu", "count":1},
"显得": {"pinyin": "xiǎnde", "count":1},
"更": {"pinyin": "gèng", "count":1},
"最": {"pinyin": "zuì", "count":1},
"最好": {"pinyin": "zuìhǎo", "count":1},
"月": {"pinyin": "yuè", "count":1},
"有": {"pinyin": "yǒu", "count":10},
"有点": {"pinyin": "yǒudiǎn", "count":2},
"有点儿": {"pinyin": "yǒudiǎnr", "count":2},
"有的": {"pinyin": "yǒude", "count":1},
"有的是": {"pinyin": "yǒudeshì", "count":1},
"朝": {"pinyin": "cháo", "count":1},
"本": {"pinyin": "běn", "count":1},
"本来": {"pinyin": "běnlái", "count":2},
"来": {"pinyin": "lái", "count":12},
"来着": {"pinyin": "láizhe", "count":1},
"来说": {"pinyin": "láishuō", "count":1},
"极": {"pinyin": "jí", "count":1},
"极了": {"pinyin": "[[|]]", "count":1},
"根据": {"pinyin": "gēnjù", "count":1},
"根本": {"pinyin": "gēnběn", "count":1},
"正": {"pinyin": "zhèng", "count":3},
"正在": {"pinyin": "zhèngzài", "count":2},
"正好": {"pinyin": "zhènghǎo", "count":1},
"死": {"pinyin": "sǐ", "count":1},
"每": {"pinyin": "měi", "count":3},
"比": {"pinyin": "bǐ", "count":7},
"比起来": {"pinyin": "bǐ qǐlái", "count":1},
"比较": {"pinyin": "bǐjiào", "count":1},
"毕竟": {"pinyin": "bìjìng", "count":2},
"毛": {"pinyin": "máo", "count":1},
"没": {"pinyin": "méi", "count":7},
"没有": {"pinyin": "méiyǒu", "count":7},
"点": {"pinyin": "diǎn", "count":5},
"点钟": {"pinyin": "diǎnzhōng", "count":2},
"然后": {"pinyin": "ránhòu", "count":2},
"甚至": {"pinyin": "shènzhì", "count":1},
"由": {"pinyin": "yóu", "count":2},
"由于": {"pinyin": "yóuyú", "count":2},
"由此": {"pinyin": "yóucǐ", "count":1},
"白": {"pinyin": "bái", "count":1},
"百": {"pinyin": "bǎi", "count":2},
"的": {"pinyin": "de", "count":13},
"的时候": {"pinyin": "de shíhou", "count":3},
"的话": {"pinyin": "de huà", "count":3},
"相反": {"pinyin": "xiāngfǎn", "count":1},
"看": {"pinyin": "kàn", "count":3},
"看来": {"pinyin": "kànlái", "count":1},
"看起来": {"pinyin": "kàn qǐlái", "count":2},
"真": {"pinyin": "zhēn", "count":1},
"着": {"pinyin": "zhe", "count":5},
"知": {"pinyin": "zhī", "count":1},
"确定": {"pinyin": "quèdìng", "count":1},
"礼拜": {"pinyin": "lǐbài", "count":1},
"离": {"pinyin": "lí", "count":2},
"究竟": {"pinyin": "jiūjìng", "count":2},
"突然": {"pinyin": "tūrán", "count":1},
"竟": {"pinyin": "jìng", "count":1},
"竟然": {"pinyin": "jìngrán", "count":1},
"第": {"pinyin": "dì", "count":1},
"等": {"pinyin": "děng", "count":1},
"等到": {"pinyin": "[[|]]", "count":1},
"等等": {"pinyin": "děngdeng", "count":1},
"简直": {"pinyin": "jiǎnzhí", "count":1},
"算": {"pinyin": "suàn", "count":1},
"终于": {"pinyin": "zhōngyú", "count":2},
"经常": {"pinyin": "jīngcháng", "count":1},
"经过": {"pinyin": "jīngguò", "count":1},
"结果": {"pinyin": "jiéguǒ", "count":1},
"给": {"pinyin": "gěi", "count":5},
"老": {"pinyin": "lǎo", "count":2},
"老是": {"pinyin": "lǎoshi", "count":2},
"而": {"pinyin": "ér", "count":4},
"而且": {"pinyin": "érqiě", "count":3},
"而已": {"pinyin": "éryǐ", "count":1},
"肯定": {"pinyin": "kěndìng", "count":1},
"能": {"pinyin": "néng", "count":2},
"自从": {"pinyin": "zìcóng", "count":1},
"至于": {"pinyin": "zhìyú", "count":3},
"莫": {"pinyin": "mò", "count":1},
"莫过于": {"pinyin": "mòguòyú", "count":1},
"莫非": {"pinyin": "mòfēi", "count":1},
"虽然": {"pinyin": "suīrán", "count":1},
"被": {"pinyin": "bèi", "count":2},
"要": {"pinyin": "yào", "count":12},
"要不": {"pinyin": "yàobù", "count":2},
"要不是": {"pinyin": "yàobushì", "count":1},
"要么": {"pinyin": "yàome", "count":1},
"要我说": {"pinyin": "yàowǒshuō", "count":1},
"要是": {"pinyin": "yàoshì", "count":1},
"见": {"pinyin": "jiàn", "count":1},
"角": {"pinyin": "jiǎo", "count":1},
"让": {"pinyin": "ràng", "count":1},
"话": {"pinyin": "huà", "count":1},
"该": {"pinyin": "gāi", "count":1},
"说": {"pinyin": "shuō", "count":2},
"请": {"pinyin": "qǐng", "count":1},
"谁": {"pinyin": "shéi", "count":3},
"谅": {"pinyin": "liàng", "count":1},
"象": {"pinyin": "xiàng", "count":2},
"起": {"pinyin": "qǐ", "count":5},
"起来": {"pinyin": "qǐlái", "count":2},
"趁": {"pinyin": "chèn", "count":1},
"越": {"pinyin": "yuè", "count":2},
"越来越": {"pinyin": "yuèláiyuè", "count":1},
"足": {"pinyin": "zú", "count":1},
"足足": {"pinyin": "zúzú", "count":1},
"跟": {"pinyin": "gēn", "count":5},
"边": {"pinyin": "biān", "count":1},
"过": {"pinyin": "guò", "count":6},
"近": {"pinyin": "jìn", "count":1},
"还": {"pinyin": "hái", "count":10},
"还原": {"pinyin": "huányuán", "count":1},
"还在": {"pinyin": "háizài", "count":1},
"还好": {"pinyin": "hái hǎo", "count":1},
"还是": {"pinyin": "háishì", "count":3},
"还有": {"pinyin": "háiyǒu", "count":1},
"这": {"pinyin": "zhè", "count":3},
"这个": {"pinyin": "zhège", "count":1},
"这么": {"pinyin": "zhème", "count":2},
"这样": {"pinyin": "zhèyàng", "count":1},
"进": {"pinyin": "jìn", "count":1},
"进一步": {"pinyin": "jìnyībù", "count":1},
"远": {"pinyin": "yuǎn", "count":1},
"连": {"pinyin": "lián", "count":3},
"适合": {"pinyin": "shìhé", "count":1},
"通过": {"pinyin": "tōngguò", "count":1},
"道": {"pinyin": "dào", "count":1},
"那": {"pinyin": "nà", "count":4},
"那个": {"pinyin": "nèige", "count":1},
"那么": {"pinyin": "nàme", "count":3},
"都": {"pinyin": "dōu", "count":19},
"里": {"pinyin": "lǐ", "count":1},
"鉴于": {"pinyin": "jiànyú", "count":1},
"错": {"pinyin": "cuò", "count":1},
"除了": {"pinyin": "chúle", "count":1},
"除非": {"pinyin": "chúfēi", "count":1},
"随着": {"pinyin": "suízhe", "count":1},
"难": {"pinyin": "nán", "count":2},
"难免": {"pinyin": "nánmiǎn", "count":1},
"难怪": {"pinyin": "nánguài", "count":2},
"难道": {"pinyin": "nándào", "count":1},
"非": {"pinyin": "fēi", "count":3},
"非得": {"pinyin": "fēiděi", "count":1},
"非要": {"pinyin": "fēiyào", "count":1},
"顺便": {"pinyin": "shùnbiàn", "count":1}}
